Meest uitgevoerde zoekopdrachten,Aantal klikken,Vertoningen,CTR,Positie
karvonen formule,74,797,9.28%,2.1
wenkbrauwen te donker geverfd,61,644,9.47%,2.45
hartslagzones berekenen calculator,41,245,16.73%,5.02
trombosebeen,29,34820,0.08%,4.18
karvonen methode,23,173,13.29%,2.1
pls ervaringen,20,262,7.63%,7.86
wat is silent killer,19,580,3.28%,7.03
maximale hartslag leeftijd tabel,17,3707,0.46%,2.11
formule van karvonen,17,419,4.06%,2.21
karvonen calculator,17,233,7.3%,3.97
wenkbrauwen te donker geverfd wat nu,15,183,8.2%,2.21
karvonen,11,259,4.25%,2.6
wat is een silent killer,11,222,4.95%,7.44
karvonen berekenen,11,35,31.43%,1.43
hartslagzones berekenen,9,576,1.56%,9.23
mijn wenkbrauwen zijn te donker geverfd,8,194,4.12%,2.68
hartslagreserve,8,124,6.45%,1.9
te donkere wenkbrauwen,8,82,9.76%,3.34
hartslagzones berekenen karvonen,8,24,33.33%,1.38
wenkbrauwen te donker,7,50,14%,2.98
fietscomputer met hartslagmeter,6,552,1.09%,8.8
jacob hooy hooyfree ervaringen,6,152,3.95%,9.44
formule van karvonen calculator,6,126,4.76%,3.08
tanaka formule,6,87,6.9%,1.84
forum nachtzweten overgang,6,87,6.9%,6.31
wenkbrauwverf te donker,6,78,7.69%,2.35
geverfde wenkbrauwen te donker,6,31,19.35%,2.42
permanent ontharen,5,1511,0.33%,30.38
hartslag meten iphone,5,723,0.69%,8.06
ouderdomssuiker symptomen,5,441,1.13%,3.33
hartslag vetverbranding calculator,5,407,1.23%,5.88
ouderdomsdiabetes symptomen,5,160,3.12%,1.92
kwarkdieet,5,102,4.9%,6.42
geverfde wenkbrauwen lichter maken,5,95,5.26%,3.94
wenkbrauwen geverfd te donker,5,50,10%,2.64
hartslag meten iphone gratis,4,227,1.76%,7.11
formule karvonen,4,97,4.12%,2.23
gezichtsmasker maken tegen puistjes,4,80,5%,3.44
kuitkramp overgang,4,52,7.69%,5.52
hartslagreserve berekenen,4,25,16%,2.52
trombose been omhoog,3,1455,0.21%,3.41
ribbels in nagels schildklier,3,408,0.74%,10.97
maximale hartslag berekenen,3,286,1.05%,8.52
abdominale obesitas,3,283,1.06%,1.9
hartslagmeter app gratis,3,164,1.83%,11.76
wat is silent killer onder de organen,3,110,2.73%,9.76
hartslag vetverbranding man,3,109,2.75%,3.49
methode van karvonen,3,96,3.12%,1.4
symptomen ouderdomsdiabetes,3,88,3.41%,2.09
hrr berekenen,3,86,3.49%,3.13
wenkbrauwen lichter maken na verven,3,65,4.62%,4.38
wenkbrauw verf te donker,3,45,6.67%,2.36
karvonen-methode,3,36,8.33%,1.28
wat is een normale hartslag,2,18030,0.01%,5.49
buikgriep symptomen,2,6283,0.03%,11.46
hartslag vetverbranding,2,726,0.28%,5.44
spierknoop nek bobbel,2,509,0.39%,5.13
hartslag leeftijd tabel,2,475,0.42%,4.71
trombose knieholte symptomen,2,340,0.59%,2.59
plotseling dik been,2,296,0.68%,4.16
symptomen ouderdomssuiker,2,148,1.35%,2.97
fruitdieet,2,148,1.35%,11.5
zeelucht goed voor longen,2,123,1.63%,6.15
hartslag tabel leeftijd,2,77,2.6%,3.74
is zeelucht goed voor je longen,2,46,4.35%,3.02
gratis app hartslag meten,2,44,4.55%,8.86
te donker geverfde wenkbrauwen lichter maken,2,31,6.45%,2.97
hartslagzones calculator,2,25,8%,5.6
silent killer wat is dat,2,25,8%,8.68
kenmerken ouderdomssuiker,2,16,12.5%,2.88
formule van karvonen berekenen,2,13,15.38%,2
buikgriep,1,31364,0%,9.28
kalium waarde,1,23371,0%,10.85
kalium te hoog,1,12264,0.01%,11.14
trombose been,1,2599,0.04%,4.76
waar zit veel kalium in,1,2050,0.05%,11.63
nachtzweten man,1,1404,0.07%,13.38
wat is normale hartslag,1,1370,0.07%,8.61
hartslag leeftijd gewicht,1,678,0.15%,4.87
trombose kuit,1,643,0.16%,6.94
ouderdomssuiker,1,576,0.17%,8.58
stijve nek gevaarlijk,1,571,0.18%,3.64
trombose in been,1,548,0.18%,3.15
vetverbranding hartslag,1,513,0.19%,6.41
pijn knieholte trombose,1,412,0.24%,2.74
hartslag in rust man,1,363,0.28%,21.53
ouderdoms diabetes,1,337,0.3%,25.73
gezonde hartslag,1,306,0.33%,20.87
trombose kuit ervaringen,1,303,0.33%,10.25
giel beelen,1,286,0.35%,5.6
harde nagels,1,274,0.36%,4.21
neuken zonder condoom,1,260,0.38%,23.67
zeurende pijn in been trombose,1,257,0.39%,2.93
permanent ontharen thuis,1,198,0.51%,13.55
ouderdomsdiabetes,1,180,0.56%,12.93
trombose knieholte,1,178,0.56%,1.46
is zeelucht gezond,1,151,0.66%,9.62
lichte buikgriep,1,149,0.67%,13.73
zone 2 hartslag berekenen,1,130,0.77%,5.05
hoe krijg je wenkbrauwverf uit je wenkbrauwen,1,128,0.78%,8.38
soa top 10,1,121,0.83%,9.04
kramp in kuit overgang,1,114,0.88%,6.32
hartslagzones bepalen,1,89,1.12%,24.46
hartfrequentie baby,1,83,1.2%,2.13
vergeelde nagels weer wit krijgen,1,78,1.28%,9.12
76 hartslagen per minuut,1,72,1.39%,9.39
hoe ziet een gezonde tepel eruit,1,65,1.54%,7.85
hartslag zones berekenen,1,64,1.56%,4.05
gratis hartslag meten iphone,1,63,1.59%,7.63
nagelverzorgingsproducten,1,62,1.61%,7.87
blauw licht acne ervaringen,1,62,1.61%,10.98
soorten cysten,1,57,1.75%,8.39
tandpasta op nagels,1,54,1.85%,7.65
middel tegen jeugdpuistjes,1,51,1.96%,9.69
wenkbrauw te donker geverfd,1,49,2.04%,2.73
french manicure,1,49,2.04%,38.08
tens apparaat artrose,1,46,2.17%,26.78
migraine aura achter elkaar,1,40,2.5%,5.28
ontharen permanent,1,40,2.5%,22.15
kalium waarde 4.3,1,38,2.63%,13
abdominale obesitas betekenis,1,35,2.86%,4.89
hoge bloeddruk symptomen vrouwen,1,34,2.94%,62.53
karvonen zones,1,31,3.23%,4.52
dwarse rimpel boven neus,1,30,3.33%,3.47
waarom opvliegers in de nacht,1,30,3.33%,11.73
ouderdomssuiker leeftijd,1,29,3.45%,3.72
hartslagzone berekenen,1,29,3.45%,16.79
beste nagelverzorgingsproducten,1,25,4%,7.2
hypokaliëmie,1,25,4%,18.88
hartslag iphone,1,24,4.17%,4.25
soa,1,22,4.55%,2.55
hartslag app gratis,1,20,5%,6.9
alcohol op puist,1,18,5.56%,9.72
methode karvonen,1,11,9.09%,2.55
witte nagels bloedarmoede,1,11,9.09%,19.27
hartslag app android,1,10,10%,3.8
medicijn tegen te hoog kalium,1,9,11.11%,30.11
paardenmiddel tegen hooikoorts,1,9,11.11%,40.44
soa symptomen,1,8,12.5%,32.25
wat is mijn zone 2,1,8,12.5%,32.38
wat is migraine met aura,1,8,12.5%,63.75
droge nagelriemen oma weet raadt,1,7,14.29%,2.86
spierknoop nek,1,7,14.29%,13.86
karvonen zone calculator,1,6,16.67%,3.83
ouderdomsdiabetes leeftijd,1,5,20%,2.6
hoe bepaal je hartslagzones,1,4,25%,1.5
waarom tandpasta op nagels,1,4,25%,8
diabetes test,1,3,33.33%,2.33
karvonene,1,3,33.33%,4.33
wanneer een soa test doen,1,3,33.33%,36.67
méthode de karvonen,1,2,50%,1
nagelversteviger,1,2,50%,2
zone hartslag berekenen,1,2,50%,2
nagelbadje maken,1,2,50%,2.5
hartslagzones instellen garmin,1,2,50%,3
nagelcreme,1,2,50%,3
nagels lakken trucjes,1,2,50%,3
karbonen,1,2,50%,4.5
53 jaar,1,1,100%,1
nagellak slecht voor nagels,1,1,100%,2
acrylic nails,1,1,100%,3
trauma nagel vinger,1,1,100%,3
welke app is gratis,1,1,100%,3
essence nail repair oil,1,1,100%,6
zoek op,1,1,100%,6
symptomen soa vrouw chlamydia,1,1,100%,39
vaginale schimel,1,1,100%,83
buikgriep besmettelijk,0,6713,0%,10.72
incubatietijd buikgriep,0,6268,0%,10.57
symptomen buikgriep,0,4173,0%,11.77
waar zit kalium in,0,3937,0%,10.24
kalium te laag,0,3826,0%,13.55
buikgriep incubatietijd,0,3090,0%,10.23
normale hartslag,0,2974,0%,8.39
rimpels onder ogen,0,2608,0%,12.09
pijnlijke gewrichten,0,2531,0%,8.66
kalium waarde bloed,0,2334,0%,13.17
gemiddelde hartslag,0,1998,0%,7.66
wat is een goede hartslag,0,1929,0%,8.45
buikgriep klachten,0,1887,0%,10.17
trombosebeen oorzaak,0,1841,0%,6.93
wat is buikgriep,0,1660,0%,13.28
te hoog kalium,0,1644,0%,13.31
nagelverzorging,0,1584,0%,38.44
wat te doen bij buikgriep,0,1555,0%,13.8
buikgriep wat te doen,0,1439,0%,13.26
hoe voelt een trombose been,0,1422,0%,7.25
wat is een gezonde hartslag,0,1410,0%,4.96
rimpels,0,1367,0%,70.02
normale hartslag vrouw,0,1210,0%,4.58
vaginale schimmel,0,1208,0%,74.77
stijve nek,0,1147,0%,49.27
overmatig zweten,0,1146,0%,83.36
wat te doen tegen buikgriep,0,1136,0%,13.13
zweepslag kuit trombose,0,1038,0%,5.17
wat helpt tegen buikgriep,0,1028,0%,13.61
normale polsslag,0,935,0%,4.33
wat doet kalium in je lichaam,0,926,0%,13.39
normale hartslag ouderen,0,908,0%,11.89
migraine,0,899,0%,69.55
trombose been behandeling,0,895,0%,7.06
wat is kalium in het bloed,0,888,0%,12.78
netelroos,0,859,0%,83.17
trombosebeen symptomen,0,824,0%,4.48
heerst er buikgriep,0,824,0%,10.89
wat is een gemiddelde hartslag,0,800,0%,4.43
wat is een normale polsslag,0,788,0%,9.74
overgang,0,770,0%,92.72
wat doen bij buikgriep,0,765,0%,12.19
rimpels onder de ogen,0,750,0%,15.02
symptomen gonorroe vrouw,0,722,0%,10.02
wat helpt bij buikgriep,0,720,0%,13.03
puisten,0,719,0%,40.75
hoeveel weken zwanger,0,699,0%,59.2
hoofdpijn,0,697,0%,92.33
sterke nagels,0,686,0%,23.63
kramp in kuiten,0,682,0%,14.01
wat is een opvlieger,0,671,0%,19.07
overgangsklachten,0,668,0%,79.48
zelf gelnagels zetten,0,663,0%,14.17
migraine medicijnen,0,655,0%,57.81
hartslag in rust,0,640,0%,26.93
buikgriep heerst,0,627,0%,14.73
kaliumtekort symptomen,0,625,0%,14.29
magnesium tekort,0,616,0%,87.38
fijne lijntjes onder ogen,0,604,0%,10.75
allergie huisstofmijt,0,591,0%,70
acne behandelen,0,590,0%,74.97
trombose been oorzaak,0,579,0%,6.92
buikgriep symptomen volwassenen,0,573,0%,13
huisstofmijt allergie,0,573,0%,69.79
hartslagmeter app,0,566,0%,10.66
trombosebeen behandeling,0,545,0%,10.34
buikvirus heerst,0,543,0%,10.72
symptomen trombosebeen,0,512,0%,4.33
puisten verwijderen,0,506,0%,15.02
huiduitslag,0,506,0%,61.15
gewrichtspijn,0,505,0%,57.83
hartslag kind,0,502,0%,4.22
alcohol uiterlijk,0,498,0%,28.75
nagel verzorging,0,496,0%,38.25
laserontharing,0,494,0%,64.31
kramp in kuit,0,491,0%,47.4
migraine behandelen,0,489,0%,50.09
tijdstip,0,483,0%,11.64
huisstofmijt,0,479,0%,75.18
permanente ontharing,0,474,0%,37.46
hoe krijg je sterke nagels,0,473,0%,15.38
klachten buikgriep,0,471,0%,12.62
puistjes,0,465,0%,90.51
kalium normaalwaarde,0,464,0%,13.75
wat is een goede hartslag in rust,0,463,0%,7.61
overmatig transpireren,0,462,0%,82.61
hoe snel groeit haar,0,460,0%,17.45
wat doen tegen buikgriep,0,459,0%,15.07
nagels verzorgen,0,459,0%,53.74
kalium te hoog symptomen,0,458,0%,17.42
facelift zonder operatie,0,454,0%,50.11
lichttherapie acne,0,450,0%,20.86
pijn in onderbeen trombose,0,443,0%,6.77
hoe voelt trombose been,0,441,0%,7.76
huisstofmijtallergie,0,440,0%,59.59
normale hartslag man,0,438,0%,7.46
pil vergeten,0,419,0%,44.9
wat is de normale hartslag,0,417,0%,7.41
winter allergie symptomen,0,417,0%,25
nachtzweten,0,411,0%,28.62
acne kin,0,410,0%,72.64
hoog kalium,0,409,0%,12.41
migraine behandeling,0,406,0%,57.83
gezonde nagels,0,403,0%,45.93
allergie in de winter,0,402,0%,21.04
allergie in winter,0,397,0%,22.1
grove poriën,0,395,0%,79.71
kalium bloedwaarde,0,394,0%,14.03
overmatig zweten behandeling,0,393,0%,60.11
kramp in de kuiten,0,392,0%,14.78
allergie,0,392,0%,76.92
allergische reacties,0,390,0%,64.12
symptomen migraine,0,386,0%,53.37
stijvenek,0,384,0%,48.67
semenanalyse,0,381,0%,54.39
hartslag van 40,0,380,0%,5.61
migraine symptomen,0,380,0%,43.33
kind wil niet eten,0,378,0%,69.48
teveel kalium,0,372,0%,16.45
magnesiumtekort,0,370,0%,84.44
welke hartslag voor vetverbranding,0,369,0%,4.72
welke hartslag vetverbranding,0,360,0%,3.7
hartslag voor vetverbranding,0,360,0%,7.16
hartslag vrouw,0,359,0%,7.78
zaadonderzoek,0,358,0%,66.43
zwak sperma,0,356,0%,69.62
allergieën,0,355,0%,57.28
verstopte neus,0,355,0%,77.93
huisstofmijt allergisch,0,353,0%,62.41
kraaienpoten,0,352,0%,29.52
overmatig zweten oorzaak,0,351,0%,36
permanent haar verwijderen,0,351,0%,46.87
nachtelijk zweten,0,351,0%,68.3
goede hartslag,0,350,0%,13.98
wat kun je zelf doen tegen acne,0,341,0%,65.71
hartslag meten,0,336,0%,44.52
huisstofmijtallergie symptomen,0,333,0%,68.29
vaginale schimmelinfectie,0,332,0%,75.01
grove porien,0,332,0%,86.88
besmettelijkheid buikgriep,0,329,0%,12.59
oorzaak overmatig zweten,0,329,0%,52.94
wenkbrauwverf verwijderen,0,327,0%,25.98
zwak zaad,0,327,0%,72.46
overgang klachten,0,327,0%,82.27
hoe begint buikgriep,0,323,0%,8.42
bloeddruk meten,0,323,0%,43.66
kalium tekort,0,321,0%,11.52
chlamydia,0,321,0%,76.31
slecht sperma,0,321,0%,79.89
wat kan je doen tegen buikgriep,0,320,0%,12.43
huismijt allergie,0,319,0%,71.58
wat is de gemiddelde hartslag,0,318,0%,8.65
normale hartslag vrouw 50 jaar,0,317,0%,4.65
menopauze,0,317,0%,96.84
lichttherapie,0,314,0%,64.76
lijntjes onder ogen,0,307,0%,22.16
cyste,0,304,0%,53.49
stevige nagels,0,303,0%,32.83
netelroos behandeling,0,303,0%,90.52
hartslag normaal,0,299,0%,16.58
symptomen van buikgriep,0,298,0%,13.67
wat is goede hartslag,0,297,0%,8.94
puistjes op kin,0,295,0%,38.88
snacks na het sporten,0,295,0%,39.07
buikgriep oorzaak,0,294,0%,13.41
pms klachten verminderen,0,294,0%,78.11
kalium in bloed,0,293,0%,17.71
hoe ontstaat trombose,0,292,0%,13
wat zijn huisstofmijten,0,292,0%,70.81
kalium te kort,0,291,0%,15.66
duizeligheid migraine,0,290,0%,58.34
droogtelijntjes onder ogen,0,289,0%,7.3
hartslag man,0,289,0%,7.45
sterke nagels krijgen,0,289,0%,14.01
koortslip baby,0,286,0%,52.27
waar zit potassium in,0,285,0%,8.56
verzorging nagels,0,285,0%,50.56
incontinentie betekenis,0,285,0%,90.2
waar zit het meeste kalium in,0,283,0%,7.35
oorzaak trombosebeen,0,283,0%,12.24
rimpels ogen,0,282,0%,10.85
duizelig migraine,0,282,0%,58.85
snack na het sporten,0,281,0%,37.73
migraine duizeligheid,0,281,0%,58.41
hoe kom je het snelst van acne af,0,281,0%,81.15
overmatige transpiratie,0,276,0%,36.75
beste hartslag voor vetverbranding,0,274,0%,6.92
wat drinken bij buikgriep,0,273,0%,12.14
hoe voelt een trombosebeen,0,272,0%,10.26
kramp kuiten,0,270,0%,15.16
zone 2 berekenen,0,270,0%,20
gelnagels zetten,0,270,0%,34.61
zaadkwaliteit,0,270,0%,58.08
verzorgen nagels,0,269,0%,51.17
tips nagels,0,267,0%,33.52
rimpels onder ogen verwijderen,0,266,0%,19.97
vruchtbaarheidstest man,0,266,0%,53.45
puistjes kin,0,265,0%,34.81
hoeveel kalium per dag,0,263,0%,12.84
hartslag vetverbranding vrouw,0,262,0%,4.16
kalium wat is dat,0,261,0%,15.06
slecht zaad,0,261,0%,79.39
chlamydia symptomen,0,260,0%,43.56
soa thuistest,0,257,0%,34.44
allergische reactie,0,257,0%,66.25
rimpeltjes onder ogen,0,256,0%,19.89
permanente make up wenkbrauwen te donker,0,256,0%,43.11
hartslag normaal vrouw,0,254,0%,6.83
hoe voelt buikgriep,0,251,0%,13.45
wat is normale polsslag,0,250,0%,6.86
gemiddelde hartslag vrouw,0,250,0%,12.4
koortslip besmettelijk,0,249,0%,58.47
ideale hartslag voor vetverbranding,0,248,0%,6.99
normale hartslag in rust,0,247,0%,20.19
buikgriep voorkomen,0,246,0%,20.08
gel nagels zetten,0,246,0%,50.05
overgangsklachten leeftijd,0,245,0%,78.66
rimpels bij ogen,0,244,0%,14.57
veenbessen blaasontsteking,0,241,0%,68.23
egale huid,0,240,0%,30.82
wat is een cyste,0,239,0%,28.44
zeelucht gezond,0,238,0%,16.74
cranberry blaasontsteking,0,238,0%,41.96
hoogste hartslag ooit gemeten,0,234,0%,7.92
schildklierproblemen,0,234,0%,48.96
in goeden doen,0,232,0%,9.33
nacht zweten man,0,230,0%,13.78
baby eczeem,0,229,0%,84.17
migraine en voeding,0,227,0%,60.72
verhoogd kalium,0,226,0%,14.08
koemelkallergie,0,226,0%,65.65
hartfrequentie normaal,0,225,0%,9.34
hartslag waarden,0,224,0%,5.48
sterkere nagels,0,224,0%,28.87
bloeddruk vrouw,0,223,0%,57.05
nageltips,0,222,0%,32.68
hoe krijg je chlamydia,0,222,0%,60.5
app hartslag meten,0,221,0%,16.51
netelroos oorzaak,0,221,0%,81.52
hartslag leeftijd,0,220,0%,11.85
symptomen overgang,0,220,0%,77.55
ideale hartslag vetverbranding,0,216,0%,6.58
infrarood lamp goed voor spieren,0,216,0%,18.81
zwemmen met lenzen,0,216,0%,39.41
schimmelinfectie vrouw,0,216,0%,73.45
overgang vrouwen,0,216,0%,82.26
hoofdpijn wat te doen,0,215,0%,72
licht therapie,0,214,0%,65.58
nagels versterken,0,213,0%,74.69
nagel tips,0,211,0%,40.83
permanente haar verwijderen,0,211,0%,46.35
wat is een normale hartslag vrouw,0,210,0%,7.45
infrarood zonnebank voordelen,0,209,0%,24.02
stijve nek en rug,0,209,0%,33.99
permanent verwijderen,0,209,0%,35.56
wat te doen tegen puistjes,0,209,0%,66.94
rode hond,0,209,0%,71.53
tekort magnesium,0,209,0%,86.54
wat is kalium,0,208,0%,23.77
afscheiding chlamydia,0,208,0%,43.22
hoeveel weken ben ik zwanger,0,208,0%,62.92
buik griep,0,207,0%,9
cranberry plassen,0,207,0%,41.21
rimpel onder oog,0,206,0%,11.67
trombose voet symptomen,0,206,0%,24.94
heb ik magnesium tekort,0,206,0%,73.15
opvliegers,0,205,0%,82.26
rimpels onder ogen verminderen,0,204,0%,40.71
wenkbrauwen lelijk,0,203,0%,32.2
e-nummers,0,202,0%,78.44
permanent ontharing,0,201,0%,46.94
tens apparaat rugpijn,0,201,0%,72.15
hartslag man 70 jaar,0,200,0%,13.96
polsslag in rust,0,200,0%,15.66
pms behandelen,0,200,0%,36.05
trombose been symptomen,0,199,0%,2.21
wat kun je doen tegen buikgriep,0,197,0%,14.54
buikpijn griep,0,197,0%,34.45
preventie migraine,0,197,0%,65.65
normale polsfrequentie,0,196,0%,2.34
kalium bloed,0,196,0%,19.67
vaginale klachten,0,196,0%,64.66
lichttherapie eczeem,0,195,0%,80.46
hartslag kind 10 jaar,0,193,0%,10.96
puistjes op kin bestrijden,0,193,0%,22.68
dikke buik vrouwen,0,193,0%,47.74
bijwerkingen tens apparaat,0,193,0%,51.84
puist,0,192,0%,51.82
te hoge kalium,0,191,0%,20.41
de overgang,0,191,0%,93.79
maximale hartslag leeftijd,0,189,0%,5.92
droge huid onder ogen rimpels,0,189,0%,16.91
soa test thuis,0,189,0%,50.37
migraine duizelig,0,189,0%,56.67
normale hartslag baby,0,188,0%,10.39
kalium te laag oorzaak,0,188,0%,12.99
masker tegen puistjes,0,188,0%,13.97
wat is incontinentie,0,188,0%,86.1
gezichtsmasker acne,0,187,0%,42.46
tips voor nagels,0,185,0%,42.54
acne bestrijden,0,184,0%,82.78
gelnagels maken,0,183,0%,23.55
anale soa symptomen,0,183,0%,51.26
kalium hoog,0,182,0%,10.01
migraine verhelpen,0,182,0%,57.59
symptomen hypokaliemie,0,181,0%,7.23
rimpels rond ogen,0,181,0%,11.24
klachten migraine,0,181,0%,61.68
wat te doen tegen onderhuidse puist,0,181,0%,72.16
gratis hartslag app,0,180,0%,10.55
hoge bloeddruk vermoeidheid,0,179,0%,12.99
nagels tips,0,178,0%,37.68
migraine en leefstijl,0,178,0%,58.61
hoge bloeddruk symptomen,0,177,0%,16.45
wat te doen tegen koude voeten,0,177,0%,70.84
aura migraine,0,177,0%,73.8
wat doet kalium met je lichaam,0,176,0%,13.36
migraine pijnstilling,0,176,0%,65.72
wat te doen tegen puistjes?,0,176,0%,68.99
tekort aan magnesium,0,176,0%,83.35
lichttherapie tegen jeuk,0,175,0%,77.42
hypokaliëmie symptomen,0,174,0%,9.88
waarde kalium,0,174,0%,15.56
kunstnagels tips,0,174,0%,26.35
lachrimpels,0,173,0%,57.65
waarde kalium in bloed,0,172,0%,13.09
wat te doen tegen puisten,0,172,0%,63.22
klachten overgang vrouw,0,172,0%,76.47
migraine en hormonen,0,172,0%,76.6
acryl nagel tips,0,171,0%,31.61
netelroos oorzaken,0,171,0%,85.61
restless legs,0,171,0%,90.04
wat is een trombosebeen,0,170,0%,7.42
buikgriep medicatie,0,170,0%,13.09
pil vergeten wat nu,0,170,0%,20.48
tips voor migraine,0,170,0%,65
wat is tens,0,170,0%,79.34
trombose oorzaak,0,169,0%,13.26
wat is kalium in bloed,0,169,0%,13.76
huisstofmijtallergie behandeling,0,169,0%,74.72
kaliumgehalte in bloed,0,168,0%,13.02
hoe ziet trombose eruit,0,168,0%,34.36
vestibulaire migraine,0,168,0%,36.75
klachten allergie,0,168,0%,59.35
hoe lang duurt migraine aanval,0,168,0%,75.64
netelroos warmte uitslag,0,168,0%,90.43
tips bij migraine,0,167,0%,63.37
wat is normaal hartslag,0,166,0%,10.83
rimpels voorkomen,0,166,0%,47.88
wat is een whiplash,0,166,0%,94.13
wat is een normaal hartslag,0,165,0%,7.04
buikgriep verschijnselen,0,165,0%,12.3
hartslag rust,0,164,0%,27.49
trichomonas,0,164,0%,61.13
grove porien behandelen,0,164,0%,90.19
gezonde hartslag vrouw,0,163,0%,6.45
schildklier klachten,0,163,0%,67.45
migraine zonder hoofdpijn,0,162,0%,75.44
klachten bij menopauze,0,162,0%,78.34
nachtzweten overgang,0,159,0%,16.55
buikvirus symptomen,0,157,0%,12.9
anticonceptiepil,0,157,0%,72.59
blessures voorkomen,0,157,0%,87.55
trombose kuit symptomen,0,156,0%,8.67
wat doet kalium,0,156,0%,15.38
alcoholist gezicht,0,156,0%,40.3
de overgang bij vrouwen,0,156,0%,81.23
gezicht liften zonder operatie,0,156,0%,82.69
hoofdpijn behandelen,0,156,0%,94.4
trombose voet herkennen,0,155,0%,27.61
hartslag volwassen vrouw,0,154,0%,12.81
allergisch,0,152,0%,77.31
tens pijnbestrijding,0,152,0%,87.26
hartslag meten app,0,151,0%,15.77
gadgets hardlopen,0,151,0%,26.7
overgang en klachten,0,151,0%,81.81
eczeem baby,0,151,0%,83.81
netelroos besmettelijk,0,151,0%,91.27
opvliegers of iets anders,0,150,0%,74.67
symptomen hoge bloeddruk,0,149,0%,7.49
hartslag app,0,149,0%,16.57
strakker gezicht zonder operatie,0,149,0%,86.01
normale hartslag in rust vrouw,0,148,0%,7.01
normaalwaarde kalium,0,148,0%,16.46
wat eten na sporten,0,148,0%,31.56
peuter wil niet eten,0,148,0%,46.43
permanente ontharing thuis,0,147,0%,14.97
vruchtbaarheidsproblemen man,0,146,0%,64.64
hoe voelt migraine,0,146,0%,77.4
hartslag kinderen,0,145,0%,11.5
energietekort,0,145,0%,22.97
ingegroeide teennagel,0,145,0%,77.52
huiduitslag huisstofmijt allergie,0,145,0%,78.28
trombose symptomen,0,144,0%,6.88
hartslag 140 in rust,0,144,0%,17.58
vruchtbaarheidstest mannen,0,144,0%,53.93
wat is laserontharing,0,144,0%,92.81
kalium verhoogd,0,142,0%,14.53
buikgriep koorts,0,142,0%,15.32
wat te doen met buikgriep,0,142,0%,16
hoe lang zwanger,0,142,0%,51.84
migraine en duizeligheid,0,142,0%,52.98
winterdepressie,0,142,0%,86.96
thuistest soa,0,141,0%,40.61
wat zijn opvliegers,0,141,0%,60.96
blauw licht acne,0,140,0%,21.45
nagel probleem,0,140,0%,67.96
wat is trombose in been,0,139,0%,6.76
anti kater middel,0,139,0%,29.47
wat is normale hartslag vrouw,0,138,0%,7.72
normale rusthartslag vrouw,0,137,0%,5.44
acne op kin,0,136,0%,50.9
migraine tips,0,136,0%,64.28
oorzaak buikgriep,0,135,0%,11.45
gelnagels zelf doen,0,135,0%,14.83
besmetting buikgriep,0,135,0%,16.83
gelnagels plaatsen,0,134,0%,48.99
oorzaak opvliegers,0,133,0%,52.6
hoe kom je van puistjes af,0,133,0%,56.98
vruchtbaarheid man,0,133,0%,62.53
rimpels onder ogen behandelen,0,133,0%,71.73
wat is een gezonde hartslag in rust,0,132,0%,12.34
oorzaak trombose,0,132,0%,12.86
eten na sporten,0,132,0%,36.13
hormonale migraine,0,132,0%,43.91
grove porien gezicht,0,131,0%,78
normaal waarde kalium,0,130,0%,10.1
infrarood spieren en gewrichten,0,130,0%,39.65
5 fases overgang,0,130,0%,57.68
sperma kwaliteit,0,130,0%,74.95
hoe weet je dat je in de overgang bent,0,130,0%,93.28
wat is een goede bloeddruk bij vrouwen,0,129,0%,12.12
polsslag normaalwaarde,0,129,0%,21.89
hartritme meten,0,129,0%,48.91
wat helpt tegen migraine,0,129,0%,52.37
allergisch voor huismijt,0,129,0%,77.43
voedselallergie,0,129,0%,89.68
hartslag normaal man,0,128,0%,9.84
gemiddelde hartslag man,0,128,0%,17.45
lenzen zwemmen,0,128,0%,36.85
nagelriem verzorging,0,128,0%,82.34
zelf gelnagels maken,0,127,0%,12.74
hoog kaliumgehalte,0,127,0%,13.66
grove poriën verminderen,0,127,0%,51.57
permanent laseren,0,127,0%,57.64
ben ik onvruchtbaar,0,127,0%,60.86
schildklier symptomen,0,127,0%,66.5
soorten incontinentie,0,127,0%,73.95
griep overgeven,0,126,0%,18.68
migraine medicatie,0,126,0%,58.93
hoe krijg ik sterkere nagels,0,125,0%,14.99
puist verwijderen,0,125,0%,26.04
hartslag gemiddeld,0,125,0%,42
normale bloeddruk,0,125,0%,44.2
puistjes behandelen,0,124,0%,58.39
slechte doorbloeding voeten,0,124,0%,61.4
hartslag van 60,0,123,0%,7.97
goede hartslag in rust,0,123,0%,13.28
puisten op kin,0,123,0%,37.66
kraaienpoten gezicht,0,123,0%,51.21
hoe voelt een opvlieger,0,123,0%,69.37
pijnbestrijding tens,0,123,0%,86.15
gemiddelde polsslag,0,122,0%,5.71
laag kalium symptomen,0,122,0%,13.84
buikgriep tips,0,122,0%,19.8
gezonde hartslag in rust,0,122,0%,25.02
oorzaak veel zweten,0,122,0%,75.11
hartslag meten met telefoon,0,121,0%,11.89
griep en diarree,0,121,0%,21.76
infrarood licht,0,121,0%,24.51
medicatie migraine,0,121,0%,62.15
hartspier,0,121,0%,82.74
bloedstolling symptomen,0,120,0%,5.69
waar heerst buikgriep,0,120,0%,9.66
wat tegen buikgriep,0,120,0%,15.17
infraroodlamp werking,0,120,0%,40.89
wat te doen tegen migraine,0,120,0%,50.61
overmatig zweten bij mannen,0,120,0%,57.27
hartslag meten met iphone,0,119,0%,8.06
cranberry blaas,0,119,0%,51.2
glanzend haar,0,119,0%,60.55
tens pleister,0,119,0%,80.46
symptonen buikgriep,0,118,0%,11.16
wat moet je doen als je de pil bent vergeten,0,118,0%,13.42
nachtelijke opvliegers,0,118,0%,21.53
hartslag gezond,0,118,0%,30.05
lenzen en zwemmen,0,118,0%,41.05
hardlopen hitte,0,118,0%,49.16
wat doet alcohol met je hersenen,0,118,0%,73.54
pijn in kuit trombose,0,117,0%,7.11
hartslag van 55,0,117,0%,13.18
bloeddruk meten zonder meter,0,117,0%,33.96
gelnagels zetten stap voor stap,0,117,0%,35.07
natuurlijke middelen tegen acne,0,117,0%,35.69
dikke buik vrouw,0,117,0%,52.81
ogen rimpels,0,116,0%,7.72
trombose in kuit,0,116,0%,8.72
wat is goed tegen buikgriep,0,116,0%,14.54
symptoom trombosebeen,0,116,0%,23.91
vestibule migraine,0,116,0%,43.75
migraineaanval stoppen,0,116,0%,64.53
huid liften zonder operatie,0,116,0%,81.47
magnesium tekort klachten,0,116,0%,82.76
trombose in knieholte,0,115,0%,2.1
hartslag rust man,0,115,0%,7.21
hartslag vrouw 55 jaar,0,115,0%,12.53
virus buikgriep,0,115,0%,15.29
comazuipen,0,115,0%,44.96
beste ontharingsmethode,0,115,0%,61.78
kalium laag,0,114,0%,17.28
oogrimpels,0,114,0%,19.72
wat doet infrarood met je lichaam,0,114,0%,34.2
afscheiding schimmelinfectie,0,114,0%,60.74
soa zelftest,0,113,0%,55.19
zink tekort nagels,0,113,0%,61.99
sportblessurepreventie tips,0,113,0%,74.44
hoe weet je of je hooikoorts hebt,0,113,0%,88.71
hartslag kind 8 jaar,0,112,0%,8.71
hartslagzone,0,112,0%,9.01
rimpels rondom de ogen,0,112,0%,19.52
nachtelijk zweten overgang,0,112,0%,20.16
zwemmen lenzen,0,112,0%,36.17
overgang leeftijd,0,112,0%,78.79
normale hartfrequentie,0,111,0%,8.05
vestibulaire migraine symptomen,0,111,0%,31.96
opvliegers oorzaak,0,111,0%,56.31
man vruchtbaarheid,0,110,0%,56.99
hoofdpijn misselijk duizelig,0,110,0%,72.21
rimpels onder de ogen behandelen,0,110,0%,79.73
hartfrequentie kind,0,109,0%,3.31
hoe herken je trombosebeen,0,109,0%,6.28
met lenzen zwemmen,0,109,0%,48.11
griep buikpijn,0,109,0%,48.48
incontinentie soorten,0,109,0%,69.54
weinig slaap,0,109,0%,77.38
zone 2 hardlopen berekenen,0,108,0%,6.74
puisten weghalen,0,108,0%,14.45
onderhuids puist behandelen,0,108,0%,51.93
alles wat je moet weten over laser ontharing,0,108,0%,90.76
bloeddruk thuis meten,0,107,0%,48.79
kerstdiner kinderrecepten,0,107,0%,54.31
puistjes op rug,0,107,0%,70.54
ineens dikke buik vrouw,0,107,0%,70.66
hartslag herstel tabel,0,106,0%,1.1
normale hartslag kind,0,106,0%,5.95
hardloop gadget,0,106,0%,19.49
hartslag in rust vrouw,0,106,0%,22.96
kuitkramp,0,106,0%,35.62
anticonceptie vergeten,0,106,0%,52.27
hoofdpijn draaierig,0,106,0%,73.35
hoofdpijn en duizeligheid,0,106,0%,78.42
vastzittende spieren,0,105,0%,9.02
normaal hartslag vrouw,0,105,0%,10.25
hartslag 108,0,105,0%,11.9
puistjes verwijderen,0,105,0%,12.84
gonorroe symptomen,0,105,0%,57.73
duizeligheid en migraine,0,105,0%,62.87
nachtelijk transpireren,0,105,0%,63.65
lichttherapie huid,0,105,0%,79.34
hoe krijg je trombosebeen,0,104,0%,11.65
ontstekingsremmers,0,104,0%,30.7
overgangssymptomen,0,104,0%,43.75
thuis soa test,0,104,0%,51.61
hoe weet je of je vruchtbaar bent man,0,104,0%,59.54
symptomen hartproblemen man,0,104,0%,63.13
vruchtbaarheid mannen,0,104,0%,64.74
wat helpt tegen puistjes,0,104,0%,68.37
menopauze klachten,0,104,0%,79.3
klachten bij overgang,0,104,0%,80.18
te kort aan magnesium,0,104,0%,85.28
gezichtsmasker tegen puistjes,0,103,0%,22.86
teveel koffie drinken,0,103,0%,47.69
overmatig zweten mannen,0,103,0%,48.2
kraaienpootjes leeftijd,0,103,0%,60.76
misselijk duizelig hoofdpijn,0,103,0%,75.11
menopauze leeftijd,0,103,0%,86.15
nachtelijk zweten bij mannen oorzaken,0,102,0%,8.4
"migraine behandeling""",0,102,0%,55.47
huidverjonging zonder operatie,0,102,0%,63.1
spierkracht,0,102,0%,65.53
opvlieger,0,102,0%,66.77
zoete aardappel chips,0,102,0%,75.3
max hartslag berekenen,0,101,0%,8.58
natuurlijke producten tegen puisten,0,101,0%,30.17
chlamydia symptomen man,0,101,0%,46.75
cranberry pillen blaasontsteking,0,101,0%,53.84
vanaf welke leeftijd mag je naar de sportschool,0,101,0%,62.43
sperma laten testen,0,101,0%,64.36
hoe ontstaat een trombosebeen,0,100,0%,10.01
oorzaken trombose been,0,100,0%,10.9
wat is een buikgriep,0,100,0%,11.95
tips buikgriep,0,100,0%,22.13
puistjes voorhoofd,0,100,0%,39.76
anticonceptie pil vergeten,0,100,0%,50.69
dikke buik bij oudere vrouwen,0,100,0%,57.75
te weinig slaap gevolgen,0,100,0%,72.52
behandelen acne,0,100,0%,78.38
menopauze symptomen,0,100,0%,82.17
kalium te hoog oorzaak,0,99,0%,14.69
acne lichttherapie,0,99,0%,20.16
ik heb hoofdpijn,0,99,0%,77.49
incontinentie vormen,0,99,0%,79.8
sarcopenie,0,99,0%,89.79
wat is een goed hartslag,0,98,0%,5.58
trombose voet,0,98,0%,6.39
huisstofmijtallergie wat te doen,0,98,0%,74.52
wat kun je doen tegen putjes in je gezicht,0,98,0%,75.1
kaliumgehalte,0,97,0%,16.35
hardloop hartslagmeter,0,97,0%,34.15
hoe lang duurt een opvlieger,0,97,0%,73.23
lichttherapie behandeling,0,97,0%,73.28
gratis hartslagmeter,0,96,0%,13.22
hoe krijg ik sterke nagels,0,96,0%,14.07
kalium per dag,0,96,0%,15.85
behandeling acne conglobata,0,96,0%,41.39
wat is lichttherapie,0,96,0%,60.86
zaad laten testen,0,96,0%,66.96
menopauze vrouw,0,96,0%,81.49
hartslag rust vrouw,0,95,0%,7.25
normale waarde kalium,0,95,0%,14.45
lichttherapie bij acne,0,95,0%,20.75
koude voeten tips,0,95,0%,54.54
tips tegen netelroos,0,95,0%,59.52
sportblessures,0,95,0%,83.62
wat doet magnesium tekort,0,95,0%,85.23
veel hoofdpijn,0,95,0%,86.17
slechte doorbloeding voeten verbeteren,0,94,0%,55.32
hartslag,0,94,0%,64.38
klachten pre overgang,0,94,0%,74.35
tromboze been,0,93,0%,4.28
hoe krijg je buikgriep,0,93,0%,13.24
zeelucht,0,93,0%,32.7
egale huid krijgen,0,93,0%,36.31
gebruik infraroodlamp,0,93,0%,50.52
lijnen onder ogen,0,93,0%,57.89
opvliegers symptomen,0,93,0%,72.74
te weinig slaap,0,93,0%,76.85
vormen van incontinentie,0,93,0%,78.57
draaierig en hoofdpijn,0,93,0%,80.66
hoe voelen opvliegers,0,93,0%,81.98
wat is je normale hartslag,0,92,0%,8
kalium gezond,0,92,0%,15.05
rode lamp spieren,0,92,0%,17.79
virus diarree,0,92,0%,19.37
hardlopen in hitte,0,92,0%,44.12
vruchtbaarheidsonderzoek man,0,92,0%,64.65
overgang symptomen,0,92,0%,70.89
hoofdpijn duizelig,0,92,0%,79.35
puistjes voorkomen,0,92,0%,91.17
incubatie tijd buikgriep,0,91,0%,10.2
hartslag 65 vrouw,0,91,0%,10.75
bloeddruk check,0,91,0%,30.86
normale bloeddruk vrouw,0,91,0%,38.91
hoe krijg je glanzend haar,0,91,0%,70.73
menopauze vrouw verschijnselen,0,91,0%,77.91
zweten zonder inspanning,0,91,0%,81.87
poriën,0,91,0%,88.22
hoe herken je een trombose been,0,90,0%,5.73
wat te doen buikgriep,0,90,0%,14.66
kin puisten,0,90,0%,33.23
afbrokkelende nagels,0,90,0%,70.1
tens apparaat pijnbestrijding,0,90,0%,79.17
goede hartslag vrouw,0,89,0%,6.93
hartslag 144,0,89,0%,7.57
hoe kom je snel van buikgriep af,0,89,0%,14.98
hoe hoog mag je hartslag zijn,0,89,0%,66.02
chronische migraine behandeling,0,89,0%,66.25
bloedverlies overgang tips,0,89,0%,71.98
kinderwens man,0,89,0%,72.61
hoofdpijn en draaierig,0,89,0%,78.35
duizelig misselijk hoofdpijn,0,89,0%,78.57
netelroos vermoeidheid,0,89,0%,89.56
lachrimpels ogen,0,88,0%,14.58
gelnagels zelf zetten,0,88,0%,15.8
hartslaghorloge,0,88,0%,18.91
tip nagels,0,88,0%,30.97
permanent haren verwijderen,0,88,0%,39.59
zaad testen thuis,0,88,0%,45.38
hardlopen in de hitte,0,88,0%,52.22
infrarood licht schadelijk voor ogen,0,88,0%,58.76
rimpels op jonge leeftijd,0,88,0%,59.16
vergrote porie,0,88,0%,71.72
hoe lang duren opvliegers,0,88,0%,77.55
opvliegers bij ouderen,0,88,0%,81.12
norovirus symptomen volwassenen,0,87,0%,10
hoe kom je van buikgriep af,0,87,0%,17.09
puist tussen wenkbrauwen,0,87,0%,24.63
neuk zonder condoom,0,87,0%,29.06
leven met migraine,0,87,0%,50.62
chlamydia na 5 jaar,0,87,0%,53.05
vruchtbaarheid zelftest vrouw,0,87,0%,56.29
porien verwijderen,0,87,0%,75.63
menopauze bij vrouwen,0,87,0%,76.83
vergrote porien,0,87,0%,88.52
wat is een normale hardslag,0,86,0%,7.14
hartslag man in rust,0,86,0%,13.93
infrarood lamp nekpijn,0,86,0%,15.35
hartslag mens,0,86,0%,24.16
puisten op de kin,0,86,0%,37.76
opvlieger symptomen,0,86,0%,60.43
slechte doorbloeding koude voeten,0,86,0%,64.76
hand- en nagelverzorging,0,86,0%,66.77
hoe lang duurt de overgang,0,86,0%,69.01
acne wat te doen,0,86,0%,74.93
misselijk hoofdpijn duizelig,0,86,0%,76.69
grove poriën man,0,86,0%,84.73
trombose bovenbeen symptomen,0,85,0%,6.35
griep diarree,0,85,0%,10.62
gezonde drankjes,0,85,0%,26.41
nagels verlengen,0,85,0%,26.87
hoge hartslag in rust vrouw,0,85,0%,36.31
dag en nachtcreme ineen,0,85,0%,36.72
grootmoeders tips netelroos,0,85,0%,74.94
vormen incontinentie,0,85,0%,75.88
duizelig hoofdpijn misselijk,0,85,0%,76.74
trombose benen,0,84,0%,1.57
hoe maak je je nagels sterker,0,84,0%,10.88
buikvirus,0,84,0%,12.52
hoeveel weken duurt een zwangerschap,0,84,0%,52.38
broze nagels oorzaak,0,84,0%,54.85
lichttherapie effect,0,84,0%,68.76
wat is goed voor acne,0,84,0%,79.56
hartslag kind 4 jaar,0,83,0%,4.2
hoe krijg je gele nagels weer wit,0,83,0%,8.41
allergische reactie huid,0,83,0%,74.53
opvliegers leeftijd,0,83,0%,75.83
symptomen menopauze,0,83,0%,76.02
acne tegengaan,0,83,0%,84.22
menopauze overgang,0,83,0%,87.86
teombose been,0,82,0%,4.21
hoe krijg je sterkere nagels,0,82,0%,14.78
anaal met of zonder condoom,0,82,0%,17.76
puist uitdrogen,0,82,0%,22.13
rimpel neus,0,82,0%,28.24
chlamydia symptomen vrouw,0,82,0%,50.13
menopauze vrouw symptomen,0,82,0%,76.54
lichttherapie bij eczeem,0,82,0%,76.8
wanneer menopauze vrouw,0,82,0%,79.15
natuurlijke facelift,0,82,0%,85.35
draaierigheid en hoofdpijn,0,82,0%,85.88
trombozebeen,0,81,0%,4.04
symptomen trombose been,0,81,0%,6.73
hartslag vrouw in rust,0,81,0%,11.54
polsslag per minuut,0,81,0%,12.94
anaal zonder condoom,0,81,0%,19.21
buikgrie,0,81,0%,19.27
puisten tussen wenkbrauwen,0,81,0%,25.69
puisten creme,0,81,0%,29.69
hardlopen in extreme hitte,0,81,0%,41.17
permanent ontharen laser,0,81,0%,43.41
dunne nagels,0,81,0%,51.59
opvlieger zonder zweten,0,81,0%,73.98
hoofdpijn misselijk en duizelig,0,81,0%,80.49
sperma onderzoek,0,81,0%,83.91
buikgriep wat doen,0,80,0%,18.07
symptomen jetlag,0,80,0%,27.64
hartslag per minuut,0,80,0%,37.79
infrarood lamp gezond,0,80,0%,48.59
chocolade en spierkrampen,0,80,0%,57.19
striae verminderen,0,80,0%,66.83
acne verminderen,0,80,0%,81.22
heel veel hoofdpijn,0,80,0%,82.4
niet-chirurgische facelift,0,80,0%,82.69
onderzoek sperma,0,80,0%,83.78
hormonen overgang klachten,0,80,0%,85.26
hartslag 120 in rust,0,79,0%,17.81
migraine voeding,0,79,0%,24.65
puistjes op je kin,0,79,0%,34.81
beste methode definitief ontharen,0,79,0%,39.76
permanente ontharing laser,0,79,0%,44.89
puistjes bestrijden in 1 dag,0,79,0%,48.37
max hartslag per leeftijd,0,78,0%,5.42
minimale hartslag,0,78,0%,12.21
heb ik buikgriep,0,78,0%,15.85
chlamydia bloedonderzoek,0,78,0%,67.64
wanneer is een vrouw onvruchtbaar,0,78,0%,70.78
zweethanden behandeling,0,78,0%,72.92
draaierig hoofdpijn,0,78,0%,82.15
kraaienpoten maken,0,78,0%,87.06
rusthartslag vrouw,0,77,0%,6.3
hartslag vrouw 40 jaar,0,77,0%,11.75
wat is normale hartslag man,0,77,0%,15.3
overgang en nachtelijk zweten,0,77,0%,15.61
wat eten bij migraine,0,77,0%,18.13
menopauze kenmerken,0,77,0%,82.86
start to run evy,0,76,0%,5.37
wat is een goeie hartslag,0,76,0%,6.62
normale kalium waarde,0,76,0%,12.97
wat doe je tegen buikgriep,0,76,0%,14.96
tips bij buikgriep,0,76,0%,20.97
infrarood lamp voor spieren,0,76,0%,24.32
nagels met tips,0,76,0%,25.83
zweetaanvallen mannen,0,76,0%,40.67
wat is een normale bloeddruk bij vrouwen,0,75,0%,13.56
sterkere nagels krijgen,0,75,0%,15.32
infrarood lamp spieren,0,75,0%,27.12
schildklierproblemen mannen,0,75,0%,44.24
als je de pil vergeet kan je dan zwanger raken,0,75,0%,47.51
hartfalen symptomen,0,75,0%,59.79
last van nachtzweten,0,75,0%,62.12
klachten overgang,0,75,0%,73.08
lichttherapie huidproblemen,0,75,0%,77.25
duizeligheid misselijk hoofdpijn,0,75,0%,84.28
slechte slaap gevolgen,0,75,0%,84.61
jetlag,0,75,0%,91.93
normaalwaarden hartslag,0,74,0%,6.32
hartslag kind 3 jaar,0,74,0%,7.84
ontsteking in been symptomen,0,74,0%,10.62
buikgriep besmetting,0,74,0%,13.95
hoe kom je het snelst van buikgriep af,0,74,0%,14.49
wat op puist smeren,0,74,0%,31.76
zweten in de nacht,0,74,0%,74.34
wat is menopauze,0,74,0%,85.65
what is trombose,0,73,0%,6.45
normale hartslag vrouw in rust,0,73,0%,13.36
wat te doen aan buikgriep,0,73,0%,17.25
puistjes uitdrogen,0,73,0%,22.58
beste manier definitief ontharen,0,73,0%,36.9
wat te doen tegen kraaienpoten,0,73,0%,68.82
versterken nagels,0,73,0%,71.49
klachten van menopauze,0,73,0%,79.88
hoe kom je van acne af,0,73,0%,91.99
hoe ziet een trombosebeen eruit,0,72,0%,2.85
wat nemen bij buikgriep,0,72,0%,13.5
wat is goed voor buikgriep,0,72,0%,18.19
hoe krijg je een egale huid,0,72,0%,26.56
nachtelijk zweten bij mannen,0,72,0%,36.92
kattenallergie,0,72,0%,38.96
welke hartslag in rust is gevaarlijk,0,72,0%,42.17
gezondheid nagels,0,72,0%,44.39
hoofdpijn licht in hoofd,0,72,0%,74.04
vetverbranding hartslag leeftijd,0,71,0%,2.77
spieren zitten vast,0,71,0%,5.51